review,label
"An amazing movie with excellent acting and a great story.",1
"I loved every minute of this film and would watch it again.",1
"The actors gave wonderful performances and the plot was engaging.",1
"One of the best movies I have seen in a long time.",1
"Fantastic direction and brilliant cinematography.",1
"This movie was funny emotional and extremely entertaining.",1
"A beautiful story with characters that felt very real.",1
"I really enjoyed this movie from beginning to end.",1
"The performances were outstanding and the ending was perfect.",1
"An excellent film that deserves a lot of praise.",1
"This was a wonderful experience and I highly recommend it.",1
"The story was creative and the acting was superb.",1
"A touching movie with an unforgettable ending.",1
"I enjoyed the characters and the clever dialogue.",1
"Great movie with a strong story and talented actors.",1
"This film exceeded my expectations and was very enjoyable.",1
"Brilliant acting combined with an interesting plot.",1
"One of the most entertaining movies I have watched.",1
"The director did an excellent job with this film.",1
"I loved the soundtrack and the beautiful visuals.",1
"A surprisingly good movie with a fantastic cast.",1
"This film was exciting funny and enjoyable.",1
"The story kept me interested until the very end.",1
"Excellent movie with memorable characters.",1
"I would definitely recommend this movie to my friends.",1
"An emotional and powerful film with great performances.",1
"The movie was entertaining and beautifully made.",1
"I thought the plot was clever and original.",1
"Fantastic performances made this movie special.",1
"This is a great example of quality filmmaking.",1
"I had a lot of fun watching this movie.",1
"The characters were interesting and well developed.",1
"A wonderful film with an inspiring story.",1
"The acting was natural and the dialogue was excellent.",1
"I was impressed by the direction and storytelling.",1
"This movie was much better than I expected.",1
"An enjoyable film with a satisfying conclusion.",1
"Great performances and a very interesting story.",1
"I absolutely loved this movie.",1
"A charming and entertaining film.",1
"This movie was boring and painfully slow.",0
"I hated almost everything about this film.",0
"The acting was terrible and the story made no sense.",0
"One of the worst movies I have ever watched.",0
"The plot was boring and completely predictable.",0
"I wasted my time watching this movie.",0
"The characters were annoying and poorly written.",0
"This film was disappointing from beginning to end.",0
"The acting felt fake and completely unconvincing.",0
"I would not recommend this terrible movie.",0
"The story was confusing and poorly written.",0
"This was a boring and forgettable experience.",0
"The movie had terrible dialogue and weak acting.",0
"I could barely finish watching this film.",0
"An awful movie with a ridiculous plot.",0
"The characters were boring and had no personality.",0
"Nothing about this movie was interesting.",0
"The ending was terrible and made no sense.",0
"This film failed to entertain me.",0
"A disappointing movie with very poor direction.",0
"The story was dull and the performances were weak.",0
"I regret spending time watching this movie.",0
"Terrible acting ruined an otherwise simple story.",0
"This movie was incredibly boring.",0
"The film felt too long and nothing interesting happened.",0
"I did not enjoy this movie at all.",0
"The plot was predictable and badly executed.",0
"A very disappointing film with poor characters.",0
"The dialogue was awkward and unnatural.",0
"This movie was a complete waste of time.",0
"I expected much more from this film.",0
"The acting was weak and the story was boring.",0
"An unpleasant movie that I would never watch again.",0
"The director failed to make the story interesting.",0
"This was one of the most boring movies I have seen.",0
"Poor writing and terrible acting made this film difficult to watch.",0
"I disliked nearly every part of this movie.",0
"A weak story with disappointing performances.",0
"This film was dull predictable and uninteresting.",0
"The movie completely failed to keep my attention.",0
"Awful characters and a terrible storyline.",0
"I would definitely not recommend this movie.",0
"The performances were disappointing and the plot was weak.",0
"This movie was nowhere near as good as I expected.",0
"A forgettable film with very poor execution.",0
"The story lacked originality and the acting was bad.",0
"I was disappointed by almost everything in this film.",0
"An extremely dull and boring movie.",0
"The movie started badly and only got worse.",0
"Terrible screenplay and unconvincing performances.",0
"I struggled to stay awake while watching this.",0
"This film was not enjoyable or entertaining.",0
"A poorly made movie with a weak story.",0
"The acting was disappointing and the ending was awful.",0
"I would never watch this movie again.",0